{
  "training_metrics": {
    "accuracy": 0.7879213483146067,
    "precision": 0.6993464052287581,
    "recall": 0.7838827838827839,
    "f1_score": 0.7392055267702936,
    "roc_auc": 0.8672098592371942,
    "confusion_matrix": [
      [
        347,
        92
      ],
      [
        59,
        214
      ]
    ]
  },
  "test_metrics": {
    "accuracy": 0.8044692737430168,
    "precision": 0.7297297297297297,
    "recall": 0.782608695652174,
    "f1_score": 0.7552447552447552,
    "roc_auc": 0.8587615283267457,
    "confusion_matrix": [
      [
        90,
        20
      ],
      [
        15,
        54
      ]
    ]
  },
  "model_params": {
    "max_iter": 1000,
    "solver": "lbfgs",
    "class_weight": "balanced"
  },
  "data_info": {
    "training_samples": 712,
    "test_samples": 179,
    "features": [
      "Pclass",
      "Sex",
      "Age",
      "SibSp",
      "Parch",
      "Fare",
      "Title",
      "FamilySize",
      "IsAlone",
      "AgeBand",
      "FareBand",
      "Embarked"
    ],
    "feature_count": 12
  }
}